1c5f	1c5f
1fjm	1fjm
1h0g	1h0g
1h0i	1h0i
1m63	1m63
1mf8	1mf8
1pfe	1pfe
1tk2	1tk2
1vs2	1vs2
1vtg	1vtg
1xq7	1xq7
1xvk	1xvk
1xvn	1xvn
1xvr	1xvr
2adw	2adw
2bcd	2bcd
2esl	2esl
2f58	2f58
2iae	2iae
2ie3	2ie3
2nym	2nym
2nym	2npp
2nym	2nyl
2oju	2oju
2poy	2poy
2rmc	2rmc
2vum	2vum
2x2c	2x2c
2z6w	2z6w
2z6w	5a0e
3avn	3avn
3avn	3av9
3avn	3ava
3avn	3avb
3avn	3avf
3avn	3avg
3avn	3avh
3avn	3avi
3avn	3avj
3avn	3avk
3avn	3avl
3avn	3avm
3bo7	3bo7
3cqz	3cqz
3cqz	1k83
3dw8	3dw8
3egh	3egh
3eov	3eov
3fga	3fga
3go3	3go3
3n7y	3n7y
3n84	3n84
3odi	3odi
3odi	2rma
3odi	2rmb
3odi	3odl
3pmp	3pmp
3pqz	3pqz
3rqd	3rqd
3u4w	3u4w
3wne	3wne
3wne	3wng
3wne	3wnh
4dgc	4dgc
4fn5	4fn5
4i5n	4i5n
4i5n	4i5l
4ipz	4ipz
4ipz	1bck
4ipz	1cwa
4ipz	1cwb
4ipz	1cwc
4ipz	1cwf
4ipz	1cwh
4ipz	1cwi
4ipz	1cwj
4ipz	1cwk
4ipz	1cwl
4ipz	1cwm
4ipz	1cwo
4ipz	1cyn
4ipz	1mik
4ipz	2wfj
4ipz	2x7k
4ipz	4hy7
4ipz	6hmz
4jjm	4jjm
4jna	4jna
4jzu	4jzu
4jzu	4jzv
4k8y	4k8y
4k8y	1sfi
4k8y	3p8f
4k8y	4k1e
4k8y	4kel
4k8y	6u22
4mq9	4mq9
4mq9	4oin
4mq9	4oip
4mq9	4oiq
4mq9	4oir
4nec	4nec
4q9i	4q9i
4q9j	4q9j
4q9k	4q9k
4q9l	4q9l
4tot	4tot
4v9s	4v9s
4v9s	4v9r
4wqu	4wqu
4y1d	4y1d
4yv9	4yv9
4zqw	4zqw
5bmm	5bmm
5cs2	5cs2
5eel	5eel
5eeq	5eeq
5eeq	4x6s
5efj	5efj
5esq	5esq
5esq	5i2i
5esq	5icz
5esq	5iop
5esq	5ir1
5esq	5iv2
5esq	5ivz
5esq	6ayn
5esq	6azk
5hsv	5hsv
5jpf	5jpf
5jpf	2bdx
5tyi	5tyi
5tyi	5u06
5u1q	5u1q
5vi6	5vi6
5xn3	5xn3
5yty	5yty
5ytz	5ytz
6b67	6b67
6cn8	6cn8
6cn8	3wdc
6cn8	3wdd
6cn8	3wde
6cn8	9din
6dn6	6dn6
6dno	6dno
6e0o	6e0o
6kdi	6kdi
6kdi	1ehl
6kdi	6idg
6m7k	6m7k
6mdx	6mdx
6n7q	6n7q
6o6x	6o6x
6o6x	6o6v
6o6x	6o71
6o79	6o79
6o79	6o75
6obr	6obr
6obr	3e7a
6obr	6obq
6obr	6obu
6q1u	6q1u
6qev	6qev
6qfk	6qfk
6ryo	6ryo
6ugc	6ugc
6wsj	6wsj
6wxx	6wxx
6wxy	6wxy
6xci	6xci
6xl1	6xl1
6yud	6yud
7ar4	7ar4
7dq0	7dq0
7dq8	7dq8
7mp3	7mp3
7o55	7o55
7pcj	7pcj
7pfq	7pfq
7pfq	7obv
7pfq	7pfy
7pfq	7pg1
7pfq	7zwk
7pgc	7pgc
7pgc	7oc2
7pgc	7pfz
7pgc	8aqa
7pgc	8aqb
7pgc	8aqk
7s5g	7s5g
7s5g	6xic
7s5g	6xie
7s5g	6xif
7s5g	7s5h
7tl8	7tl8
7tm1	7tm1
7u60	7u60
7u9k	7u9k
7x6r	7x6r
7x97	7x97
7x9f	7x9f
7xdj	7xdj
7yv1	7yv1
8ad9	8ad9
8be7	8be7
8be7	8be8
8be7	8be9
8be7	8bea
8eqi	8eqi
8fif	8fif
8fpo	8fpo
8j3s	8j3s
8jjs	8jjs
8jjs	7yuz
8pxz	8pxz
8r7t	8r7t
8r7t	8b58
8r7t	8r7s
8r7t	8r7u
8tm9	8tm9
8vx7	8vx7
8w6z	8w6z
8xp8	8xp8
8xpb	8xpb
8ys7	8ys7
8zeb	8zeb
9cdz	9cdz
